{
  "CodeKitInfo" : "This is a CodeKit project configuration file. It is designed to sync project settings across multiple machines. Modifying the contents of this file can be a poor life decision if you don't know what you're doing. This file is not useful unless accompanied by the project that created it in CodeKit. For more information, see: http:\/\/incident57.com\/codekit",
  "creatorBuild" : "8283",
  "files" : {
    "\/js\/datepicker.js" : {
      "ignoreWasSetByUser" : 0,
      "ignore" : 0,
      "hidden" : 0,
      "outputPathIsSetByUser" : 0,
      "inputAbbreviatedPath" : "\/js\/datepicker.js",
      "outputStyle" : 1,
      "syntaxCheckerStyle" : 1,
      "outputAbbreviatedPath" : "\/js\/datepicker-ck.js",
      "fileType" : 64
    },
    "\/scss\/frameworks\/inuit\/objects\/_beautons.scss" : {
      "ignoreWasSetByUser" : 0,
      "ignore" : 1,
      "hidden" : 0,
      "outputPathIsSetByUser" : 0,
      "inputAbbreviatedPath" : "\/scss\/frameworks\/inuit\/objects\/_beautons.scss",
      "outputStyle" : 2,
      "shouldRunBless" : 0,
      "outputAbbreviatedPath" : "\/css\/_beautons.css",
      "fileType" : 4,
      "debugStyle" : 0
    },
    "\/img\/icons\/icon_down_arrow_dark.png" : {
      "ignoreWasSetByUser" : 0,
      "ignore" : 0,
      "hidden" : 0,
      "outputPathIsSetByUser" : 0,
      "inputAbbreviatedPath" : "\/img\/icons\/icon_down_arrow_dark.png",
      "processed" : 1,
      "outputAbbreviatedPath" : "\/img\/icons\/icon_down_arrow_dark.png",
      "initialSize" : 279,
      "fileType" : 8192
    },
    "\/scss\/frameworks\/inuit\/base\/_quotes.scss" : {
      "ignoreWasSetByUser" : 0,
      "ignore" : 1,
      "hidden" : 0,
      "outputPathIsSetByUser" : 0,
      "inputAbbreviatedPath" : "\/scss\/frameworks\/inuit\/base\/_quotes.scss",
      "outputStyle" : 2,
      "shouldRunBless" : 0,
      "outputAbbreviatedPath" : "\/css\/_quotes.css",
      "fileType" : 4,
      "debugStyle" : 0
    },
    "\/scss\/frameworks\/inuit\/objects\/_this-or-this.scss" : {
      "ignoreWasSetByUser" : 0,
      "ignore" : 1,
      "hidden" : 0,
      "outputPathIsSetByUser" : 0,
      "inputAbbreviatedPath" : "\/scss\/frameworks\/inuit\/objects\/_this-or-this.scss",
      "outputStyle" : 2,
      "shouldRunBless" : 0,
      "outputAbbreviatedPath" : "\/css\/_this-or-this.css",
      "fileType" : 4,
      "debugStyle" : 0
    },
    "\/scss\/frameworks\/inuit\/base\/_images.scss" : {
      "ignoreWasSetByUser" : 0,
      "ignore" : 1,
      "hidden" : 0,
      "outputPathIsSetByUser" : 0,
      "inputAbbreviatedPath" : "\/scss\/frameworks\/inuit\/base\/_images.scss",
      "outputStyle" : 2,
      "shouldRunBless" : 0,
      "outputAbbreviatedPath" : "\/css\/_images.css",
      "fileType" : 4,
      "debugStyle" : 0
    },
    "\/scss\/frameworks\/inuit\/objects\/_icon-text.scss" : {
      "ignoreWasSetByUser" : 0,
      "ignore" : 1,
      "hidden" : 0,
      "outputPathIsSetByUser" : 0,
      "inputAbbreviatedPath" : "\/scss\/frameworks\/inuit\/objects\/_icon-text.scss",
      "outputStyle" : 2,
      "shouldRunBless" : 0,
      "outputAbbreviatedPath" : "\/css\/_icon-text.css",
      "fileType" : 4,
      "debugStyle" : 0
    },
    "\/scss\/frameworks\/inuit\/objects\/_matrix.scss" : {
      "ignoreWasSetByUser" : 0,
      "ignore" : 1,
      "hidden" : 0,
      "outputPathIsSetByUser" : 0,
      "inputAbbreviatedPath" : "\/scss\/frameworks\/inuit\/objects\/_matrix.scss",
      "outputStyle" : 2,
      "shouldRunBless" : 0,
      "outputAbbreviatedPath" : "\/css\/_matrix.css",
      "fileType" : 4,
      "debugStyle" : 0
    },
    "\/scss\/frameworks\/inuit\/objects\/_columns.scss" : {
      "ignoreWasSetByUser" : 0,
      "ignore" : 1,
      "hidden" : 0,
      "outputPathIsSetByUser" : 0,
      "inputAbbreviatedPath" : "\/scss\/frameworks\/inuit\/objects\/_columns.scss",
      "outputStyle" : 2,
      "shouldRunBless" : 0,
      "outputAbbreviatedPath" : "\/css\/_columns.css",
      "fileType" : 4,
      "debugStyle" : 0
    },
    "\/scss\/base\/_type.scss" : {
      "ignoreWasSetByUser" : 0,
      "ignore" : 1,
      "hidden" : 0,
      "outputPathIsSetByUser" : 0,
      "inputAbbreviatedPath" : "\/scss\/base\/_type.scss",
      "outputStyle" : 2,
      "shouldRunBless" : 0,
      "outputAbbreviatedPath" : "\/css\/_type.css",
      "fileType" : 4,
      "debugStyle" : 0
    },
    "\/scss\/frameworks\/inuit\/base\/_forms.scss" : {
      "ignoreWasSetByUser" : 0,
      "ignore" : 1,
      "hidden" : 0,
      "outputPathIsSetByUser" : 0,
      "inputAbbreviatedPath" : "\/scss\/frameworks\/inuit\/base\/_forms.scss",
      "outputStyle" : 2,
      "shouldRunBless" : 0,
      "outputAbbreviatedPath" : "\/css\/_forms.css",
      "fileType" : 4,
      "debugStyle" : 0
    },
    "\/scss\/application.scss" : {
      "ignoreWasSetByUser" : 0,
      "ignore" : 0,
      "hidden" : 0,
      "outputPathIsSetByUser" : 0,
      "inputAbbreviatedPath" : "\/scss\/application.scss",
      "outputStyle" : 2,
      "shouldRunBless" : 0,
      "outputAbbreviatedPath" : "\/css\/application.css",
      "fileType" : 4,
      "debugStyle" : 0
    },
    "\/scss\/frameworks\/inuit\/objects\/_island.scss" : {
      "ignoreWasSetByUser" : 0,
      "ignore" : 1,
      "hidden" : 0,
      "outputPathIsSetByUser" : 0,
      "inputAbbreviatedPath" : "\/scss\/frameworks\/inuit\/objects\/_island.scss",
      "outputStyle" : 2,
      "shouldRunBless" : 0,
      "outputAbbreviatedPath" : "\/css\/_island.css",
      "fileType" : 4,
      "debugStyle" : 0
    },
    "\/scss\/modules\/_site-nav.scss" : {
      "ignoreWasSetByUser" : 0,
      "ignore" : 1,
      "hidden" : 0,
      "outputPathIsSetByUser" : 0,
      "inputAbbreviatedPath" : "\/scss\/modules\/_site-nav.scss",
      "outputStyle" : 2,
      "shouldRunBless" : 0,
      "outputAbbreviatedPath" : "\/css\/_site-nav.css",
      "fileType" : 4,
      "debugStyle" : 0
    },
    "\/scss\/frameworks\/inuit\/objects\/_link-complex.scss" : {
      "ignoreWasSetByUser" : 0,
      "ignore" : 1,
      "hidden" : 0,
      "outputPathIsSetByUser" : 0,
      "inputAbbreviatedPath" : "\/scss\/frameworks\/inuit\/objects\/_link-complex.scss",
      "outputStyle" : 2,
      "shouldRunBless" : 0,
      "outputAbbreviatedPath" : "\/css\/_link-complex.css",
      "fileType" : 4,
      "debugStyle" : 0
    },
    "\/index.html" : {
      "ignoreWasSetByUser" : 0,
      "ignore" : 0,
      "hidden" : 0,
      "outputPathIsSetByUser" : 0,
      "inputAbbreviatedPath" : "\/index.html",
      "outputAbbreviatedPath" : "No Output Path",
      "fileType" : 2048
    },
    "\/scss\/layout\/_global.scss" : {
      "ignoreWasSetByUser" : 0,
      "ignore" : 1,
      "hidden" : 0,
      "outputPathIsSetByUser" : 0,
      "inputAbbreviatedPath" : "\/scss\/layout\/_global.scss",
      "outputStyle" : 2,
      "shouldRunBless" : 0,
      "outputAbbreviatedPath" : "\/css\/_global.css",
      "fileType" : 4,
      "debugStyle" : 0
    },
    "\/js\/charts.coffee" : {
      "ignoreWasSetByUser" : 0,
      "ignore" : 0,
      "hidden" : 0,
      "outputPathIsSetByUser" : 0,
      "inputAbbreviatedPath" : "\/js\/charts.coffee",
      "checkOutputStyle" : 0,
      "minifyOutput" : 1,
      "outputAbbreviatedPath" : "\/js\/charts.js",
      "outputStyle" : 0,
      "fileType" : 32
    },
    "\/scss\/frameworks\/inuit\/generic\/_reset.scss" : {
      "ignoreWasSetByUser" : 0,
      "ignore" : 1,
      "hidden" : 0,
      "outputPathIsSetByUser" : 0,
      "inputAbbreviatedPath" : "\/scss\/frameworks\/inuit\/generic\/_reset.scss",
      "outputStyle" : 2,
      "shouldRunBless" : 0,
      "outputAbbreviatedPath" : "\/css\/_reset.css",
      "fileType" : 4,
      "debugStyle" : 0
    },
    "\/scss\/base\/_mixins.scss" : {
      "ignoreWasSetByUser" : 0,
      "ignore" : 1,
      "hidden" : 0,
      "outputPathIsSetByUser" : 0,
      "inputAbbreviatedPath" : "\/scss\/base\/_mixins.scss",
      "outputStyle" : 2,
      "shouldRunBless" : 0,
      "outputAbbreviatedPath" : "\/css\/_mixins.css",
      "fileType" : 4,
      "debugStyle" : 0
    },
    "\/scss\/frameworks\/inuit\/base\/_lists.scss" : {
      "ignoreWasSetByUser" : 0,
      "ignore" : 1,
      "hidden" : 0,
      "outputPathIsSetByUser" : 0,
      "inputAbbreviatedPath" : "\/scss\/frameworks\/inuit\/base\/_lists.scss",
      "outputStyle" : 2,
      "shouldRunBless" : 0,
      "outputAbbreviatedPath" : "\/css\/_lists.css",
      "fileType" : 4,
      "debugStyle" : 0
    },
    "\/scss\/frameworks\/inuit\/objects\/_grids.scss" : {
      "ignoreWasSetByUser" : 0,
      "ignore" : 1,
      "hidden" : 0,
      "outputPathIsSetByUser" : 0,
      "inputAbbreviatedPath" : "\/scss\/frameworks\/inuit\/objects\/_grids.scss",
      "outputStyle" : 2,
      "shouldRunBless" : 0,
      "outputAbbreviatedPath" : "\/css\/_grids.css",
      "fileType" : 4,
      "debugStyle" : 0
    },
    "\/scss\/frameworks\/inuit\/objects\/_sprite.scss" : {
      "ignoreWasSetByUser" : 0,
      "ignore" : 1,
      "hidden" : 0,
      "outputPathIsSetByUser" : 0,
      "inputAbbreviatedPath" : "\/scss\/frameworks\/inuit\/objects\/_sprite.scss",
      "outputStyle" : 2,
      "shouldRunBless" : 0,
      "outputAbbreviatedPath" : "\/css\/_sprite.css",
      "fileType" : 4,
      "debugStyle" : 0
    },
    "\/scss\/frameworks\/inuit\/objects\/_options.scss" : {
      "ignoreWasSetByUser" : 0,
      "ignore" : 1,
      "hidden" : 0,
      "outputPathIsSetByUser" : 0,
      "inputAbbreviatedPath" : "\/scss\/frameworks\/inuit\/objects\/_options.scss",
      "outputStyle" : 2,
      "shouldRunBless" : 0,
      "outputAbbreviatedPath" : "\/css\/_options.css",
      "fileType" : 4,
      "debugStyle" : 0
    },
    "\/scss\/frameworks\/inuit\/objects\/_media.scss" : {
      "ignoreWasSetByUser" : 0,
      "ignore" : 1,
      "hidden" : 0,
      "outputPathIsSetByUser" : 0,
      "inputAbbreviatedPath" : "\/scss\/frameworks\/inuit\/objects\/_media.scss",
      "outputStyle" : 2,
      "shouldRunBless" : 0,
      "outputAbbreviatedPath" : "\/css\/_media.css",
      "fileType" : 4,
      "debugStyle" : 0
    },
    "\/scss\/frameworks\/inuit\/generic\/_shared.scss" : {
      "ignoreWasSetByUser" : 0,
      "ignore" : 1,
      "hidden" : 0,
      "outputPathIsSetByUser" : 0,
      "inputAbbreviatedPath" : "\/scss\/frameworks\/inuit\/generic\/_shared.scss",
      "outputStyle" : 2,
      "shouldRunBless" : 0,
      "outputAbbreviatedPath" : "\/css\/_shared.css",
      "fileType" : 4,
      "debugStyle" : 0
    },
    "\/css\/application.css" : {
      "ignoreWasSetByUser" : 0,
      "ignore" : 1,
      "hidden" : 0,
      "outputPathIsSetByUser" : 0,
      "inputAbbreviatedPath" : "\/css\/application.css",
      "outputAbbreviatedPath" : "No Output Path",
      "fileType" : 16
    },
    "\/scss\/frameworks\/inuit\/objects\/_nav.scss" : {
      "ignoreWasSetByUser" : 0,
      "ignore" : 1,
      "hidden" : 0,
      "outputPathIsSetByUser" : 0,
      "inputAbbreviatedPath" : "\/scss\/frameworks\/inuit\/objects\/_nav.scss",
      "outputStyle" : 2,
      "shouldRunBless" : 0,
      "outputAbbreviatedPath" : "\/css\/_nav.css",
      "fileType" : 4,
      "debugStyle" : 0
    },
    "\/scss\/frameworks\/inuit\/objects\/_block-list.scss" : {
      "ignoreWasSetByUser" : 0,
      "ignore" : 1,
      "hidden" : 0,
      "outputPathIsSetByUser" : 0,
      "inputAbbreviatedPath" : "\/scss\/frameworks\/inuit\/objects\/_block-list.scss",
      "outputStyle" : 2,
      "shouldRunBless" : 0,
      "outputAbbreviatedPath" : "\/css\/_block-list.css",
      "fileType" : 4,
      "debugStyle" : 0
    },
    "\/scss\/frameworks\/inuit\/objects\/_marginalia.scss" : {
      "ignoreWasSetByUser" : 0,
      "ignore" : 1,
      "hidden" : 0,
      "outputPathIsSetByUser" : 0,
      "inputAbbreviatedPath" : "\/scss\/frameworks\/inuit\/objects\/_marginalia.scss",
      "outputStyle" : 2,
      "shouldRunBless" : 0,
      "outputAbbreviatedPath" : "\/css\/_marginalia.css",
      "fileType" : 4,
      "debugStyle" : 0
    },
    "\/scss\/frameworks\/inuit\/objects\/_flyout.scss" : {
      "ignoreWasSetByUser" : 0,
      "ignore" : 1,
      "hidden" : 0,
      "outputPathIsSetByUser" : 0,
      "inputAbbreviatedPath" : "\/scss\/frameworks\/inuit\/objects\/_flyout.scss",
      "outputStyle" : 2,
      "shouldRunBless" : 0,
      "outputAbbreviatedPath" : "\/css\/_flyout.css",
      "fileType" : 4,
      "debugStyle" : 0
    },
    "\/scss\/frameworks\/grids\/_wizardry.scss" : {
      "ignoreWasSetByUser" : 0,
      "ignore" : 1,
      "hidden" : 0,
      "outputPathIsSetByUser" : 0,
      "inputAbbreviatedPath" : "\/scss\/frameworks\/grids\/_wizardry.scss",
      "outputStyle" : 2,
      "shouldRunBless" : 0,
      "outputAbbreviatedPath" : "\/css\/_wizardry.css",
      "fileType" : 4,
      "debugStyle" : 0
    },
    "\/scss\/frameworks\/inuit\/generic\/_pull.scss" : {
      "ignoreWasSetByUser" : 0,
      "ignore" : 1,
      "hidden" : 0,
      "outputPathIsSetByUser" : 0,
      "inputAbbreviatedPath" : "\/scss\/frameworks\/inuit\/generic\/_pull.scss",
      "outputStyle" : 2,
      "shouldRunBless" : 0,
      "outputAbbreviatedPath" : "\/css\/_pull.css",
      "fileType" : 4,
      "debugStyle" : 0
    },
    "\/scss\/frameworks\/inuit\/base\/_smallprint.scss" : {
      "ignoreWasSetByUser" : 0,
      "ignore" : 1,
      "hidden" : 0,
      "outputPathIsSetByUser" : 0,
      "inputAbbreviatedPath" : "\/scss\/frameworks\/inuit\/base\/_smallprint.scss",
      "outputStyle" : 2,
      "shouldRunBless" : 0,
      "outputAbbreviatedPath" : "\/css\/_smallprint.css",
      "fileType" : 4,
      "debugStyle" : 0
    },
    "\/scss\/frameworks\/inuit\/generic\/_widths.scss" : {
      "ignoreWasSetByUser" : 0,
      "ignore" : 1,
      "hidden" : 0,
      "outputPathIsSetByUser" : 0,
      "inputAbbreviatedPath" : "\/scss\/frameworks\/inuit\/generic\/_widths.scss",
      "outputStyle" : 2,
      "shouldRunBless" : 0,
      "outputAbbreviatedPath" : "\/css\/_widths.css",
      "fileType" : 4,
      "debugStyle" : 0
    },
    "\/scss\/frameworks\/inuit\/base\/_headings.scss" : {
      "ignoreWasSetByUser" : 0,
      "ignore" : 1,
      "hidden" : 0,
      "outputPathIsSetByUser" : 0,
      "inputAbbreviatedPath" : "\/scss\/frameworks\/inuit\/base\/_headings.scss",
      "outputStyle" : 2,
      "shouldRunBless" : 0,
      "outputAbbreviatedPath" : "\/css\/_headings.css",
      "fileType" : 4,
      "debugStyle" : 0
    },
    "\/scss\/frameworks\/inuit\/objects\/_split.scss" : {
      "ignoreWasSetByUser" : 0,
      "ignore" : 1,
      "hidden" : 0,
      "outputPathIsSetByUser" : 0,
      "inputAbbreviatedPath" : "\/scss\/frameworks\/inuit\/objects\/_split.scss",
      "outputStyle" : 2,
      "shouldRunBless" : 0,
      "outputAbbreviatedPath" : "\/css\/_split.css",
      "fileType" : 4,
      "debugStyle" : 0
    },
    "\/scss\/frameworks\/inuit\/objects\/_flexbox.scss" : {
      "ignoreWasSetByUser" : 0,
      "ignore" : 1,
      "hidden" : 0,
      "outputPathIsSetByUser" : 0,
      "inputAbbreviatedPath" : "\/scss\/frameworks\/inuit\/objects\/_flexbox.scss",
      "outputStyle" : 2,
      "shouldRunBless" : 0,
      "outputAbbreviatedPath" : "\/css\/_flexbox.css",
      "fileType" : 4,
      "debugStyle" : 0
    },
    "\/scss\/frameworks\/inuit\/base\/_tables.scss" : {
      "ignoreWasSetByUser" : 0,
      "ignore" : 1,
      "hidden" : 0,
      "outputPathIsSetByUser" : 0,
      "inputAbbreviatedPath" : "\/scss\/frameworks\/inuit\/base\/_tables.scss",
      "outputStyle" : 2,
      "shouldRunBless" : 0,
      "outputAbbreviatedPath" : "\/css\/_tables.css",
      "fileType" : 4,
      "debugStyle" : 0
    },
    "\/scss\/frameworks\/inuit\/base\/_paragraphs.scss" : {
      "ignoreWasSetByUser" : 0,
      "ignore" : 1,
      "hidden" : 0,
      "outputPathIsSetByUser" : 0,
      "inputAbbreviatedPath" : "\/scss\/frameworks\/inuit\/base\/_paragraphs.scss",
      "outputStyle" : 2,
      "shouldRunBless" : 0,
      "outputAbbreviatedPath" : "\/css\/_paragraphs.css",
      "fileType" : 4,
      "debugStyle" : 0
    },
    "\/scss\/frameworks\/inuit\/_defaults.scss" : {
      "ignoreWasSetByUser" : 0,
      "ignore" : 1,
      "hidden" : 0,
      "outputPathIsSetByUser" : 0,
      "inputAbbreviatedPath" : "\/scss\/frameworks\/inuit\/_defaults.scss",
      "outputStyle" : 2,
      "shouldRunBless" : 0,
      "outputAbbreviatedPath" : "\/css\/_defaults.css",
      "fileType" : 4,
      "debugStyle" : 0
    },
    "\/scss\/frameworks\/inuit\/objects\/_greybox.scss" : {
      "ignoreWasSetByUser" : 0,
      "ignore" : 1,
      "hidden" : 0,
      "outputPathIsSetByUser" : 0,
      "inputAbbreviatedPath" : "\/scss\/frameworks\/inuit\/objects\/_greybox.scss",
      "outputStyle" : 2,
      "shouldRunBless" : 0,
      "outputAbbreviatedPath" : "\/css\/_greybox.css",
      "fileType" : 4,
      "debugStyle" : 0
    },
    "\/scss\/frameworks\/inuit\/generic\/_brand.scss" : {
      "ignoreWasSetByUser" : 0,
      "ignore" : 1,
      "hidden" : 0,
      "outputPathIsSetByUser" : 0,
      "inputAbbreviatedPath" : "\/scss\/frameworks\/inuit\/generic\/_brand.scss",
      "outputStyle" : 2,
      "shouldRunBless" : 0,
      "outputAbbreviatedPath" : "\/css\/_brand.css",
      "fileType" : 4,
      "debugStyle" : 0
    },
    "\/scss\/modules\/_related.scss" : {
      "ignoreWasSetByUser" : 0,
      "ignore" : 1,
      "hidden" : 0,
      "outputPathIsSetByUser" : 0,
      "inputAbbreviatedPath" : "\/scss\/modules\/_related.scss",
      "outputStyle" : 2,
      "shouldRunBless" : 0,
      "outputAbbreviatedPath" : "\/css\/_related.css",
      "fileType" : 4,
      "debugStyle" : 0
    },
    "\/scss\/frameworks\/inuit\/base\/_main.scss" : {
      "ignoreWasSetByUser" : 0,
      "ignore" : 1,
      "hidden" : 0,
      "outputPathIsSetByUser" : 0,
      "inputAbbreviatedPath" : "\/scss\/frameworks\/inuit\/base\/_main.scss",
      "outputStyle" : 2,
      "shouldRunBless" : 0,
      "outputAbbreviatedPath" : "\/css\/_main.css",
      "fileType" : 4,
      "debugStyle" : 0
    },
    "\/img\/logo.png" : {
      "ignoreWasSetByUser" : 0,
      "ignore" : 0,
      "hidden" : 0,
      "outputPathIsSetByUser" : 0,
      "inputAbbreviatedPath" : "\/img\/logo.png",
      "processed" : 1,
      "outputAbbreviatedPath" : "\/img\/logo.png",
      "initialSize" : 3575,
      "fileType" : 8192
    },
    "\/scss\/modules\/_site-selector.scss" : {
      "ignoreWasSetByUser" : 0,
      "ignore" : 1,
      "hidden" : 0,
      "outputPathIsSetByUser" : 0,
      "inputAbbreviatedPath" : "\/scss\/modules\/_site-selector.scss",
      "outputStyle" : 2,
      "shouldRunBless" : 0,
      "outputAbbreviatedPath" : "\/css\/_site-selector.css",
      "fileType" : 4,
      "debugStyle" : 0
    },
    "\/img\/icons\/icn_nav_users.png" : {
      "ignoreWasSetByUser" : 0,
      "ignore" : 0,
      "hidden" : 0,
      "outputPathIsSetByUser" : 0,
      "inputAbbreviatedPath" : "\/img\/icons\/icn_nav_users.png",
      "processed" : 1,
      "outputAbbreviatedPath" : "\/img\/icons\/icn_nav_users.png",
      "initialSize" : 456,
      "fileType" : 8192
    },
    "\/scss\/frameworks\/inuit\/objects\/_rules.scss" : {
      "ignoreWasSetByUser" : 0,
      "ignore" : 1,
      "hidden" : 0,
      "outputPathIsSetByUser" : 0,
      "inputAbbreviatedPath" : "\/scss\/frameworks\/inuit\/objects\/_rules.scss",
      "outputStyle" : 2,
      "shouldRunBless" : 0,
      "outputAbbreviatedPath" : "\/css\/_rules.css",
      "fileType" : 4,
      "debugStyle" : 0
    },
    "\/js\/charts.js" : {
      "ignoreWasSetByUser" : 0,
      "ignore" : 1,
      "hidden" : 0,
      "outputPathIsSetByUser" : 0,
      "inputAbbreviatedPath" : "\/js\/charts.js",
      "outputStyle" : 1,
      "syntaxCheckerStyle" : 1,
      "outputAbbreviatedPath" : "\/js\/charts-ck.js",
      "fileType" : 64
    },
    "\/scss\/frameworks\/inuit\/objects\/_stats.scss" : {
      "ignoreWasSetByUser" : 0,
      "ignore" : 1,
      "hidden" : 0,
      "outputPathIsSetByUser" : 0,
      "inputAbbreviatedPath" : "\/scss\/frameworks\/inuit\/objects\/_stats.scss",
      "outputStyle" : 2,
      "shouldRunBless" : 0,
      "outputAbbreviatedPath" : "\/css\/_stats.css",
      "fileType" : 4,
      "debugStyle" : 0
    },
    "\/scss\/frameworks\/inuit\/_inuit.scss" : {
      "ignoreWasSetByUser" : 0,
      "ignore" : 1,
      "hidden" : 0,
      "outputPathIsSetByUser" : 0,
      "inputAbbreviatedPath" : "\/scss\/frameworks\/inuit\/_inuit.scss",
      "outputStyle" : 2,
      "shouldRunBless" : 0,
      "outputAbbreviatedPath" : "\/css\/_inuit.css",
      "fileType" : 4,
      "debugStyle" : 0
    },
    "\/scss\/layout\/_stats.scss" : {
      "ignoreWasSetByUser" : 0,
      "ignore" : 1,
      "hidden" : 0,
      "outputPathIsSetByUser" : 0,
      "inputAbbreviatedPath" : "\/scss\/layout\/_stats.scss",
      "outputStyle" : 2,
      "shouldRunBless" : 0,
      "outputAbbreviatedPath" : "\/css\/_stats.css",
      "fileType" : 4,
      "debugStyle" : 0
    },
    "\/img\/icons\/icn_nav_settings.png" : {
      "ignoreWasSetByUser" : 0,
      "ignore" : 0,
      "hidden" : 0,
      "outputPathIsSetByUser" : 0,
      "inputAbbreviatedPath" : "\/img\/icons\/icn_nav_settings.png",
      "processed" : 1,
      "outputAbbreviatedPath" : "\/img\/icons\/icn_nav_settings.png",
      "initialSize" : 479,
      "fileType" : 8192
    },
    "\/scss\/frameworks\/inuit\/base\/_code.scss" : {
      "ignoreWasSetByUser" : 0,
      "ignore" : 1,
      "hidden" : 0,
      "outputPathIsSetByUser" : 0,
      "inputAbbreviatedPath" : "\/scss\/frameworks\/inuit\/base\/_code.scss",
      "outputStyle" : 2,
      "shouldRunBless" : 0,
      "outputAbbreviatedPath" : "\/css\/_code.css",
      "fileType" : 4,
      "debugStyle" : 0
    },
    "\/scss\/layout\/_forms.scss" : {
      "ignoreWasSetByUser" : 0,
      "ignore" : 1,
      "hidden" : 0,
      "outputPathIsSetByUser" : 0,
      "inputAbbreviatedPath" : "\/scss\/layout\/_forms.scss",
      "outputStyle" : 2,
      "shouldRunBless" : 0,
      "outputAbbreviatedPath" : "\/css\/_forms.css",
      "fileType" : 4,
      "debugStyle" : 0
    },
    "\/scss\/frameworks\/inuit\/generic\/_normalize.scss" : {
      "ignoreWasSetByUser" : 0,
      "ignore" : 1,
      "hidden" : 0,
      "outputPathIsSetByUser" : 0,
      "inputAbbreviatedPath" : "\/scss\/frameworks\/inuit\/generic\/_normalize.scss",
      "outputStyle" : 2,
      "shouldRunBless" : 0,
      "outputAbbreviatedPath" : "\/css\/_normalize.css",
      "fileType" : 4,
      "debugStyle" : 0
    },
    "\/config.rb" : {
      "ignoreWasSetByUser" : 0,
      "ignore" : 0,
      "hidden" : 0,
      "outputPathIsSetByUser" : 0,
      "inputAbbreviatedPath" : "\/config.rb",
      "outputAbbreviatedPath" : "No Output Path",
      "fileType" : 32768
    },
    "\/scss\/modules\/_calendar-widget-base.scss" : {
      "ignoreWasSetByUser" : 0,
      "ignore" : 1,
      "hidden" : 0,
      "outputPathIsSetByUser" : 0,
      "inputAbbreviatedPath" : "\/scss\/modules\/_calendar-widget-base.scss",
      "outputStyle" : 2,
      "shouldRunBless" : 0,
      "outputAbbreviatedPath" : "\/css\/_calendar-widget-base.css",
      "fileType" : 4,
      "debugStyle" : 0
    },
    "\/scss\/frameworks\/inuit\/objects\/_arrows.scss" : {
      "ignoreWasSetByUser" : 0,
      "ignore" : 1,
      "hidden" : 0,
      "outputPathIsSetByUser" : 0,
      "inputAbbreviatedPath" : "\/scss\/frameworks\/inuit\/objects\/_arrows.scss",
      "outputStyle" : 2,
      "shouldRunBless" : 0,
      "outputAbbreviatedPath" : "\/css\/_arrows.css",
      "fileType" : 4,
      "debugStyle" : 0
    },
    "\/scss\/layout\/_headers.scss" : {
      "ignoreWasSetByUser" : 0,
      "ignore" : 1,
      "hidden" : 0,
      "outputPathIsSetByUser" : 0,
      "inputAbbreviatedPath" : "\/scss\/layout\/_headers.scss",
      "outputStyle" : 2,
      "shouldRunBless" : 0,
      "outputAbbreviatedPath" : "\/css\/_headers.css",
      "fileType" : 4,
      "debugStyle" : 0
    },
    "\/css\/modules\/base.css" : {
      "ignoreWasSetByUser" : 0,
      "ignore" : 0,
      "hidden" : 0,
      "outputPathIsSetByUser" : 0,
      "inputAbbreviatedPath" : "\/css\/modules\/base.css",
      "outputAbbreviatedPath" : "No Output Path",
      "fileType" : 16
    },
    "\/scss\/frameworks\/inuit\/generic\/_clearfix.scss" : {
      "ignoreWasSetByUser" : 0,
      "ignore" : 1,
      "hidden" : 0,
      "outputPathIsSetByUser" : 0,
      "inputAbbreviatedPath" : "\/scss\/frameworks\/inuit\/generic\/_clearfix.scss",
      "outputStyle" : 2,
      "shouldRunBless" : 0,
      "outputAbbreviatedPath" : "\/css\/_clearfix.css",
      "fileType" : 4,
      "debugStyle" : 0
    },
    "\/scss\/frameworks\/inuit\/generic\/_mixins.scss" : {
      "ignoreWasSetByUser" : 0,
      "ignore" : 1,
      "hidden" : 0,
      "outputPathIsSetByUser" : 0,
      "inputAbbreviatedPath" : "\/scss\/frameworks\/inuit\/generic\/_mixins.scss",
      "outputStyle" : 2,
      "shouldRunBless" : 0,
      "outputAbbreviatedPath" : "\/css\/_mixins.css",
      "fileType" : 4,
      "debugStyle" : 0
    },
    "\/scss\/modules\/_stats.scss" : {
      "ignoreWasSetByUser" : 0,
      "ignore" : 1,
      "hidden" : 0,
      "outputPathIsSetByUser" : 0,
      "inputAbbreviatedPath" : "\/scss\/modules\/_stats.scss",
      "outputStyle" : 2,
      "shouldRunBless" : 0,
      "outputAbbreviatedPath" : "\/css\/_stats.css",
      "fileType" : 4,
      "debugStyle" : 0
    },
    "\/scss\/frameworks\/inuit\/objects\/_pagination.scss" : {
      "ignoreWasSetByUser" : 0,
      "ignore" : 1,
      "hidden" : 0,
      "outputPathIsSetByUser" : 0,
      "inputAbbreviatedPath" : "\/scss\/frameworks\/inuit\/objects\/_pagination.scss",
      "outputStyle" : 2,
      "shouldRunBless" : 0,
      "outputAbbreviatedPath" : "\/css\/_pagination.css",
      "fileType" : 4,
      "debugStyle" : 0
    },
    "\/scss\/frameworks\/inuit\/generic\/_debug.scss" : {
      "ignoreWasSetByUser" : 0,
      "ignore" : 1,
      "hidden" : 0,
      "outputPathIsSetByUser" : 0,
      "inputAbbreviatedPath" : "\/scss\/frameworks\/inuit\/generic\/_debug.scss",
      "outputStyle" : 2,
      "shouldRunBless" : 0,
      "outputAbbreviatedPath" : "\/css\/_debug.css",
      "fileType" : 4,
      "debugStyle" : 0
    },
    "\/scss\/frameworks\/inuit\/generic\/_helper.scss" : {
      "ignoreWasSetByUser" : 0,
      "ignore" : 1,
      "hidden" : 0,
      "outputPathIsSetByUser" : 0,
      "inputAbbreviatedPath" : "\/scss\/frameworks\/inuit\/generic\/_helper.scss",
      "outputStyle" : 2,
      "shouldRunBless" : 0,
      "outputAbbreviatedPath" : "\/css\/_helper.css",
      "fileType" : 4,
      "debugStyle" : 0
    },
    "\/scss\/frameworks\/inuit\/objects\/_breadcrumb.scss" : {
      "ignoreWasSetByUser" : 0,
      "ignore" : 1,
      "hidden" : 0,
      "outputPathIsSetByUser" : 0,
      "inputAbbreviatedPath" : "\/scss\/frameworks\/inuit\/objects\/_breadcrumb.scss",
      "outputStyle" : 2,
      "shouldRunBless" : 0,
      "outputAbbreviatedPath" : "\/css\/_breadcrumb.css",
      "fileType" : 4,
      "debugStyle" : 0
    },
    "\/scss\/modules\/_date-range-selector.scss" : {
      "ignoreWasSetByUser" : 0,
      "ignore" : 1,
      "hidden" : 0,
      "outputPathIsSetByUser" : 0,
      "inputAbbreviatedPath" : "\/scss\/modules\/_date-range-selector.scss",
      "outputStyle" : 2,
      "shouldRunBless" : 0,
      "outputAbbreviatedPath" : "\/css\/_date-range-selector.css",
      "fileType" : 4,
      "debugStyle" : 0
    },
    "\/scss\/frameworks\/inuit\/objects\/_lozenges.scss" : {
      "ignoreWasSetByUser" : 0,
      "ignore" : 1,
      "hidden" : 0,
      "outputPathIsSetByUser" : 0,
      "inputAbbreviatedPath" : "\/scss\/frameworks\/inuit\/objects\/_lozenges.scss",
      "outputStyle" : 2,
      "shouldRunBless" : 0,
      "outputAbbreviatedPath" : "\/css\/_lozenges.css",
      "fileType" : 4,
      "debugStyle" : 0
    },
    "\/img\/icons\/icn_nav_headphones.png" : {
      "ignoreWasSetByUser" : 0,
      "ignore" : 0,
      "hidden" : 0,
      "outputPathIsSetByUser" : 0,
      "inputAbbreviatedPath" : "\/img\/icons\/icn_nav_headphones.png",
      "processed" : 1,
      "outputAbbreviatedPath" : "\/img\/icons\/icn_nav_headphones.png",
      "initialSize" : 456,
      "fileType" : 8192
    },
    "\/scss\/base\/_setup.scss" : {
      "ignoreWasSetByUser" : 0,
      "ignore" : 1,
      "hidden" : 0,
      "outputPathIsSetByUser" : 0,
      "inputAbbreviatedPath" : "\/scss\/base\/_setup.scss",
      "outputStyle" : 2,
      "shouldRunBless" : 0,
      "outputAbbreviatedPath" : "\/css\/_setup.css",
      "fileType" : 4,
      "debugStyle" : 0
    },
    "\/scss\/_vars.scss" : {
      "ignoreWasSetByUser" : 0,
      "ignore" : 1,
      "hidden" : 0,
      "outputPathIsSetByUser" : 0,
      "inputAbbreviatedPath" : "\/scss\/_vars.scss",
      "outputStyle" : 2,
      "shouldRunBless" : 0,
      "outputAbbreviatedPath" : "\/css\/_vars.css",
      "fileType" : 4,
      "debugStyle" : 0
    },
    "\/scss\/frameworks\/inuit\/generic\/_push.scss" : {
      "ignoreWasSetByUser" : 0,
      "ignore" : 1,
      "hidden" : 0,
      "outputPathIsSetByUser" : 0,
      "inputAbbreviatedPath" : "\/scss\/frameworks\/inuit\/generic\/_push.scss",
      "outputStyle" : 2,
      "shouldRunBless" : 0,
      "outputAbbreviatedPath" : "\/css\/_push.css",
      "fileType" : 4,
      "debugStyle" : 0
    },
    "\/scss\/modules\/_page-forms.scss" : {
      "ignoreWasSetByUser" : 0,
      "ignore" : 1,
      "hidden" : 0,
      "outputPathIsSetByUser" : 0,
      "inputAbbreviatedPath" : "\/scss\/modules\/_page-forms.scss",
      "outputStyle" : 2,
      "shouldRunBless" : 0,
      "outputAbbreviatedPath" : "\/css\/_page-forms.css",
      "fileType" : 4,
      "debugStyle" : 0
    },
    "\/css\/layout\/_forms.css" : {
      "ignoreWasSetByUser" : 0,
      "ignore" : 1,
      "hidden" : 0,
      "outputPathIsSetByUser" : 0,
      "inputAbbreviatedPath" : "\/css\/layout\/_forms.css",
      "outputAbbreviatedPath" : "No Output Path",
      "fileType" : 16
    },
    "\/img\/icons\/icn_nav_dashboard.png" : {
      "ignoreWasSetByUser" : 0,
      "ignore" : 0,
      "hidden" : 0,
      "outputPathIsSetByUser" : 0,
      "inputAbbreviatedPath" : "\/img\/icons\/icn_nav_dashboard.png",
      "processed" : 1,
      "outputAbbreviatedPath" : "\/img\/icons\/icn_nav_dashboard.png",
      "initialSize" : 215,
      "fileType" : 8192
    },
    "\/settings.html" : {
      "ignoreWasSetByUser" : 0,
      "ignore" : 0,
      "hidden" : 0,
      "outputPathIsSetByUser" : 0,
      "inputAbbreviatedPath" : "\/settings.html",
      "outputAbbreviatedPath" : "No Output Path",
      "fileType" : 2048
    }
  },
  "manualImportLinks" : [

  ],
  "projectSettings" : {
    "hamlNoEscapeInAttributes" : 0,
    "kitAutoOutputPathStyle" : 0,
    "lessOutputStyle" : 0,
    "hamlAutoOutputPathReplace2" : "",
    "draggedImportConcatenationStyle" : 1,
    "jadeAutoOutputPathStyle" : 0,
    "hamlEscapeHTMLCharacters" : 0,
    "javascriptAutoOutputPathStyle" : 0,
    "hamlOutputFormat" : 2,
    "stylusAutoOutputPathReplace1" : "stylus",
    "lessStrictImports" : 0,
    "sassAutoOutputPathStyle" : 2,
    "stylusAutoOutputPathReplace2" : "css",
    "lessAutoOutputPathStyle" : 2,
    "genericWebpageFileExtensionsString" : "html, htm, shtml, shtm, xhtml, php, jsp, asp, aspx, erb, ctp",
    "coffeeMinifyOutput" : 1,
    "javascriptOutputSuffix" : "-ck",
    "jadeOutputStyle" : 0,
    "coffeeAutoOutputPathStyle" : 0,
    "autoSyncProjectSettingsFile" : 1,
    "lessAutoOutputPathReplace1" : "less",
    "jadeAutoOutputPathReplace1" : "",
    "lessAutoOutputPathRelativePath" : "..\/css",
    "hamlAutoOutputPathRelativePath" : "",
    "jsCheckerReservedNamesString" : "",
    "javascriptOutputStyle" : 1,
    "stylusDebugStyle" : 0,
    "hamlUseCDATA" : 0,
    "hamlAutoOutputPathStyle" : 0,
    "sassDebugStyle" : 0,
    "hamlOutputStyle" : 0,
    "stylusAutoOutputPathRelativePath" : "..\/css",
    "jsCheckerIndent" : 4,
    "kitAutoOutputPathRelativePath" : "",
    "lessAutoOutputPathReplace2" : "css",
    "jadeAutoOutputPathReplace2" : "",
    "shouldRunBless" : 0,
    "stylusAutoOutputPathStyle" : 2,
    "coffeeCheckOutputStyle" : 0,
    "slimOutputStyle" : 1,
    "javascriptSyntaxCheckerStyle" : 1,
    "sassAutoOutputPathReplace1" : "sass",
    "slimAutoOutputPathReplace1" : "",
    "sassOutputStyle" : 2,
    "coffeeAutoOutputPathRelativePath" : "",
    "slimCompileOnly" : 0,
    "slimLogicless" : 0,
    "uglifyIndent" : 4,
    "jadeAutoOutputPathRelativePath" : "",
    "hamlUseUnixNewlines" : 0,
    "hamlAutoOutputPathReplace1" : "",
    "javascriptAutoOutputPathReplace1" : "",
    "stylusOutputStyle" : 0,
    "javascriptAutoOutputPathReplace2" : "",
    "sassAutoOutputPathRelativePath" : "..\/css",
    "coffeeAutoOutputPathReplace1" : "",
    "hamlUseDoubleQuotes" : 0,
    "coffeeAutoOutputPathReplace2" : "",
    "kitAutoOutputPathReplace1" : "",
    "uglifyReservedNamesString" : "",
    "coffeeOutputStyle" : 0,
    "slimAutoOutputPathRelativePath" : "",
    "jsHintFlags" : {
      "latedef" : 1,
      "newcap" : 1,
      "curly" : 1,
      "trailing" : 1,
      "nonew" : 1,
      "withstmt" : 0,
      "yui" : 0,
      "mootools" : 0,
      "proto" : 0,
      "boss" : 0,
      "funcscope" : 0,
      "regexdash" : 0,
      "jquery" : 1,
      "esnext" : 0,
      "camelcase" : 0,
      "es5" : 0,
      "dojo" : 0,
      "strict" : 0,
      "devel" : 0,
      "onecase" : 0,
      "wsh" : 0,
      "nonstandard" : 0,
      "asi" : 0,
      "smarttabs" : 0,
      "rhino" : 0,
      "noempty" : 0,
      "lastsemic" : 0,
      "eqnull" : 0,
      "eqeqeq" : 1,
      "couch" : 0,
      "evil" : 0,
      "expr" : 0,
      "immed" : 0,
      "globalstrict" : 0,
      "undef" : 1,
      "iterator" : 0,
      "prototypejs" : 0,
      "noarg" : 1,
      "supernew" : 0,
      "node" : 0,
      "unused" : 1,
      "debug" : 0,
      "bitwise" : 1,
      "white" : 0,
      "browser" : 1,
      "worker" : 0,
      "laxcomma" : 0,
      "multistr" : 0,
      "shadow" : 0,
      "sub" : 0,
      "regexp" : 1,
      "scripturl" : 0,
      "forin" : 0,
      "loopfunc" : 0,
      "laxbreak" : 0,
      "plusplus" : 0
    },
    "jsLintFlags" : {
      "white" : 0,
      "bitwise" : 0,
      "regexp" : 0,
      "vars" : 0,
      "anon" : 0,
      "sub" : 0,
      "stupid" : 0,
      "nomen" : 0,
      "unparam" : 0,
      "newcap" : 0,
      "'continue'" : 0,
      "sloppy" : 0,
      "fragment" : 0,
      "undef" : 0,
      "es5" : 0,
      "browser" : 1,
      "properties" : 0,
      "forin" : 0,
      "plusplus" : 0,
      "debug" : 0,
      "eqeq" : 0,
      "confusion" : 0,
      "evil" : 0,
      "on" : 0,
      "windows" : 0,
      "devel" : 0,
      "rhino" : 0,
      "node" : 0,
      "css" : 0
    },
    "uglifyFlags" : {
      "no-mangle-functions" : 0,
      "no-mangle" : 0,
      "no-copyright" : 0,
      "no-dead-code" : 0,
      "inline-script" : 0,
      "ascii" : 0,
      "unsafe" : 0,
      "mangle-toplevel" : 0,
      "no-seqs" : 1,
      "beautify" : 0,
      "lift-vars" : 0,
      "consolidate-primitive-values" : 0,
      "no-squeeze" : 0
    },
    "sassAutoOutputPathReplace2" : "css",
    "slimAutoOutputPathReplace2" : "",
    "jadeCompileDebug" : 1,
    "slimRailsCompatible" : 0,
    "kitAutoOutputPathReplace2" : "",
    "lessDebugStyle" : 0,
    "javascriptAutoOutputPathRelativePath" : "",
    "slimAutoOutputPathStyle" : 0
  },
  "projectAttributes" : {
    "bourbonEnabled" : 0,
    "displayValue" : "ss-simply",
    "displayValueWasSetByUser" : 1,
    "compassEnabled" : 1
  }
}